year,single,head_of_household,married_filing_jointly,married_filing_separately
2025,"$15,750","$23,625","$31,500","$15,750"
2024,"$14,600","$21,900","$29,200","$14,600"
2023,"$13,850","$20,800","$27,700","$13,850"
2022,"$12,950","$19,400","$25,900","$12,950"
2021,"$12,550","$18,800","$25,100","$12,550"
2020,"$12,400","$18,650","$24,800","$12,400"
2019,"$12,200","$18,350","$24,400","$12,200"
2018,"$12,000","$18,000","$24,000","$12,000"
2017,"$6,350","$9,350","$12,700","$6,350"
2016,"$6,300","$9,300","$12,600","$6,300"
2015,"$6,300","$9,250","$12,600","$6,300"
2014,"$6,200","$9,100","$12,400","$6,200"
2013,"$6,100","$8,950","$12,200","$6,100"
2012,"$5,950","$8,700","$11,900","$5,950"
2011,"$5,800","$8,500","$11,600","$5,800"
2010,"$5,700","$8,400","$11,400","$5,700"
2009,"$5,700","$8,350","$11,400","$5,700"
2008,"$5,450","$8,000","$10,900","$5,450"
2007,"$5,350","$7,850","$10,700","$5,350"
2006,"$5,150","$7,550","$10,300","$5,150"
2005,"$5,000","$7,300","$10,000","$5,000"
2004,"$4,850","$7,150","$9,700","$4,850"
2003,"$4,750","$7,000","$9,500","$3,975"
2002,"$4,700","$6,900","$7,850","$3,925"
2001,"$4,550","$6,650","$7,600","$3,800"
2000,"$4,400","$6,450","$7,350","$3,675"
1999,"$4,300","$6,350","$7,200","$3,600"
1998,"$4,250","$6,250","$7,100","$3,550"
1997,"$4,150","$6,050","$6,900","$3,450"
1996,"$4,000","$5,900","$6,700","$3,350"
1995,"$3,900","$5,750","$6,550","$3,275"
1994,"$3,800","$5,600","$6,350","$3,175"
1993,"$3,700","$5,450","$6,200","$3,100"
1992,"$3,600","$5,250","$6,000","$3,000"