Year,OASDI Employee/Employer (% each),HI Employee/Employer (% each),FICA Total Employee+Employer (%),Self‑Employed Total (%)
1937–1949,1.00,--,2.00,-- 
1950,1.50,--,3.00,--
1951–1953,1.50,--,3.00,2.25
1954–1956,2.00,--,4.00,3.00
1957–1958,2.25,--,4.50,3.375
1959,2.50,--,5.00,3.750
1960–1961,3.00,--,6.00,4.500
1962,3.125,--,6.25,4.700
1963–1965,3.625,--,7.25,5.400
1966,3.85,0.35,8.20,5.800
1967,3.90,0.50,8.80,6.400
1968,3.80,0.60,8.80,6.400
1969–1970,4.20,0.60,9.60,6.900
1971–1972,4.60,0.60,10.40,7.500
1973,4.85,1.00,11.70,8.000
1974–1977,4.95,0.90,11.80,7.900
1978,5.05,1.00,12.10,8.100
1979–1980,5.08,1.05,12.16,8.100
1981,5.35,1.30,12.70,9.300
1982–1983,5.40,1.30,12.80,9.350
1984,5.70,1.30,14.00,11.400
1985,5.70,1.35,14.10,11.400
1986–1987,5.70,1.45,14.30,11.400
1988–1989,6.06,1.45,15.02,12.120
1990 onward,6.20,1.45,15.30,12.400